behaviour,behaviour_canon,variant,cohort,size_mb,cv_f1_mean,cv_f1_std,cv_f1_per_fold,oof_best_f1,best_thresh,min_bout,min_after_bout,max_gap,n_features,n_train_sessions,has_optuna,was_pruned,path,raw_keys
Facial_grooming,Facial_grooming,allfeatures,THC_Withdrawal,2.63,0.8997053331023919,0.03791370137248125,0.829;0.916;0.939;0.897;0.918,0.9944801610494188,0.85,15.0,0.0,0.0,nan,7.0,True,False,E:\RSVIDS\Blackbox\260506_RS_THC_Withdrawal\classifiers\PixelPaws_Facial_grooming_AllFeatures.pkl,"Behavior_type,best_thresh,bp_optflow_list,bp_pixbrt_list,clf_model,contact_threshold,cv_f1_scores,final_n_estimators,include_optical_flow,max_gap,mean_cv_f1,min_after_bout,min_bout,oof_best_f1,oof_best_params,oof_proba,optuna_best_params,pix_threshold,scale_pos_weight,selected_feature_cols,square_size,std_cv_f1,training_sessions,ui_max_gap,ui_min_after_bout,ui_min_bout,use_contact_features,use_egocentric,use_lag_features"
Left_licking,Left_licking,default,THC_Withdrawal,7.3,0.906255317369946,0.026170715825143475,0.903;0.940;0.876,nan,0.5299999999999998,3.0,1.0,5.0,375.0,3.0,False,False,E:\RSVIDS\Blackbox\260506_RS_THC_Withdrawal\classifiers\PixelPaws_Left_licking.pkl,"Behavior_type,best_thresh,bp_pixbrt_list,clf_model,cv_f1_scores,max_gap,mean_cv_f1,min_after_bout,min_bout,pix_threshold,square_size,std_cv_f1,training_sessions"
rearing,rearing,allfeatures,THC_Withdrawal,1.85,0.8548707963665892,0.027791606268418898,0.878;0.889;0.836;0.859;0.813,0.9999631499428824,0.54,1.0,0.0,0.0,nan,7.0,True,False,E:\RSVIDS\Blackbox\260506_RS_THC_Withdrawal\classifiers\PixelPaws_rearing_AllFeatures.pkl,"Behavior_type,best_thresh,bp_optflow_list,bp_pixbrt_list,clf_model,contact_threshold,cv_f1_scores,final_n_estimators,include_optical_flow,max_gap,mean_cv_f1,min_after_bout,min_bout,oof_best_f1,oof_best_params,oof_proba,optuna_best_params,pix_threshold,scale_pos_weight,selected_feature_cols,square_size,std_cv_f1,training_sessions,ui_max_gap,ui_min_after_bout,ui_min_bout,use_contact_features,use_egocentric,use_lag_features"
Scratching,Scratching,default,THC_Withdrawal,1.75,0.5243252606759338,0.1591072105454233,0.244;0.503;0.583;0.732;0.559,0.6547938896138789,0.6,12.0,1.0,6.0,40.0,5.0,False,False,E:\RSVIDS\Blackbox\260506_RS_THC_Withdrawal\classifiers\PixelPaws_Scratching.pkl,"Behavior_type,best_thresh,bp_optflow_list,bp_pixbrt_list,clf_model,cv_f1_scores,final_n_estimators,include_optical_flow,max_gap,mean_cv_f1,min_after_bout,min_bout,oof_best_f1,pix_threshold,scale_pos_weight,selected_feature_cols,square_size,std_cv_f1,training_sessions,ui_max_gap,ui_min_after_bout,ui_min_bout"
Scratching,Scratching,allfeatures,THC_Withdrawal,1.79,0.5243252606759338,0.1591072105454233,0.244;0.503;0.583;0.732;0.559,0.6547938896138789,0.6,12.0,1.0,6.0,nan,5.0,False,False,E:\RSVIDS\Blackbox\260506_RS_THC_Withdrawal\classifiers\PixelPaws_Scratching_AllFeatures.pkl,"Behavior_type,best_thresh,bp_optflow_list,bp_pixbrt_list,clf_model,cv_f1_scores,final_n_estimators,include_optical_flow,max_gap,mean_cv_f1,min_after_bout,min_bout,oof_best_f1,pix_threshold,scale_pos_weight,selected_feature_cols,square_size,std_cv_f1,training_sessions,ui_max_gap,ui_min_after_bout,ui_min_bout"
still,still,allfeatures,THC_Withdrawal,0.6,0.7672762919805778,0.08295049277729712,0.798;0.778;0.801;0.608;0.850,0.9397056316417571,0.58,2.0,0.0,10.0,nan,7.0,True,False,E:\RSVIDS\Blackbox\260506_RS_THC_Withdrawal\classifiers\PixelPaws_still_AllFeatures.pkl,"Behavior_type,best_thresh,bp_optflow_list,bp_pixbrt_list,clf_model,contact_threshold,cv_f1_scores,final_n_estimators,include_optical_flow,max_gap,mean_cv_f1,min_after_bout,min_bout,oof_best_f1,oof_best_params,oof_proba,optuna_best_params,pix_threshold,scale_pos_weight,selected_feature_cols,square_size,std_cv_f1,training_sessions,ui_max_gap,ui_min_after_bout,ui_min_bout,use_contact_features,use_egocentric,use_lag_features"
walking,walking,allfeatures,THC_Withdrawal,3.75,0.7828248759053207,0.04648557973554943,0.713;0.833;0.750;0.789;0.830,0.9937596540006178,0.56,2.0,0.0,4.0,nan,7.0,True,False,E:\RSVIDS\Blackbox\260506_RS_THC_Withdrawal\classifiers\PixelPaws_walking_AllFeatures.pkl,"Behavior_type,best_thresh,bp_optflow_list,bp_pixbrt_list,clf_model,contact_threshold,cv_f1_scores,final_n_estimators,include_optical_flow,max_gap,mean_cv_f1,min_after_bout,min_bout,oof_best_f1,oof_best_params,oof_proba,optuna_best_params,pix_threshold,scale_pos_weight,selected_feature_cols,square_size,std_cv_f1,training_sessions,ui_max_gap,ui_min_after_bout,ui_min_bout,use_contact_features,use_egocentric,use_lag_features"
body_grooming,body_grooming,allfeatures,SNLT,13.72,0.765433710843052,0.06506974696624734,0.679;0.844;0.816;0.699;0.790,0.999603827902841,0.85,2.0,0.0,0.0,nan,7.0,True,False,E:\RSVIDS\Blackbox\2603_SNLT_JG\Baseline\classifiers\PixelPaws_body_grooming_AllFeatures.pkl,"Behavior_type,best_thresh,bp_optflow_list,bp_pixbrt_list,clf_model,contact_threshold,cv_f1_scores,final_n_estimators,include_optical_flow,max_gap,mean_cv_f1,min_after_bout,min_bout,oof_best_f1,oof_best_params,oof_proba,optuna_best_params,pix_threshold,scale_pos_weight,selected_feature_cols,square_size,std_cv_f1,training_sessions,ui_max_gap,ui_min_after_bout,ui_min_bout,use_contact_features,use_egocentric,use_lag_features"
body_grooming,body_grooming,pruned,SNLT,12.52,0.765433710843052,0.06506974696624734,0.679;0.844;0.816;0.699;0.790,0.999603827902841,0.85,2.0,0.0,0.0,100.0,7.0,True,False,E:\RSVIDS\Blackbox\2603_SNLT_JG\Baseline\classifiers\PixelPaws_body_grooming_pruned_100.pkl,"Behavior_type,best_thresh,bp_optflow_list,bp_pixbrt_list,clf_model,contact_threshold,cv_f1_scores,final_n_estimators,include_optical_flow,max_gap,mean_cv_f1,min_after_bout,min_bout,oof_best_f1,oof_best_params,oof_proba,optuna_best_params,pix_threshold,scale_pos_weight,selected_feature_cols,square_size,std_cv_f1,training_sessions,ui_max_gap,ui_min_after_bout,ui_min_bout,use_contact_features,use_egocentric,use_lag_features"
Facial_grooming,Facial_grooming,allfeatures,SNLT,2.63,0.8997053331023919,0.03791370137248125,0.829;0.916;0.939;0.897;0.918,0.9944801610494188,0.85,15.0,0.0,0.0,nan,7.0,True,False,E:\RSVIDS\Blackbox\2603_SNLT_JG\Baseline\classifiers\PixelPaws_Facial_grooming_AllFeatures.pkl,"Behavior_type,best_thresh,bp_optflow_list,bp_pixbrt_list,clf_model,contact_threshold,cv_f1_scores,final_n_estimators,include_optical_flow,max_gap,mean_cv_f1,min_after_bout,min_bout,oof_best_f1,oof_best_params,oof_proba,optuna_best_params,pix_threshold,scale_pos_weight,selected_feature_cols,square_size,std_cv_f1,training_sessions,ui_max_gap,ui_min_after_bout,ui_min_bout,use_contact_features,use_egocentric,use_lag_features"
Facial_grooming,Facial_grooming,pruned,SNLT,2.01,0.8997053331023919,0.03791370137248125,0.829;0.916;0.939;0.897;0.918,0.9944801610494188,0.85,15.0,0.0,0.0,100.0,7.0,True,False,E:\RSVIDS\Blackbox\2603_SNLT_JG\Baseline\classifiers\PixelPaws_Facial_grooming_pruned_100.pkl,"Behavior_type,best_thresh,bp_optflow_list,bp_pixbrt_list,clf_model,contact_threshold,cv_f1_scores,final_n_estimators,include_optical_flow,max_gap,mean_cv_f1,min_after_bout,min_bout,oof_best_f1,oof_best_params,oof_proba,optuna_best_params,pix_threshold,scale_pos_weight,selected_feature_cols,square_size,std_cv_f1,training_sessions,ui_max_gap,ui_min_after_bout,ui_min_bout,use_contact_features,use_egocentric,use_lag_features"
Left_licking,Left_licking,default,SNLT,7.3,0.906255317369946,0.026170715825143475,0.903;0.940;0.876,nan,0.5299999999999998,3.0,1.0,5.0,375.0,3.0,False,False,E:\RSVIDS\Blackbox\2603_SNLT_JG\Baseline\classifiers\PixelPaws_Left_licking.pkl,"Behavior_type,best_thresh,bp_pixbrt_list,clf_model,cv_f1_scores,max_gap,mean_cv_f1,min_after_bout,min_bout,pix_threshold,square_size,std_cv_f1,training_sessions"
rearing,rearing,allfeatures,SNLT,1.85,0.8548707963665892,0.027791606268418898,0.878;0.889;0.836;0.859;0.813,0.9999631499428824,0.54,1.0,0.0,0.0,nan,7.0,True,False,E:\RSVIDS\Blackbox\2603_SNLT_JG\Baseline\classifiers\PixelPaws_rearing_AllFeatures.pkl,"Behavior_type,best_thresh,bp_optflow_list,bp_pixbrt_list,clf_model,contact_threshold,cv_f1_scores,final_n_estimators,include_optical_flow,max_gap,mean_cv_f1,min_after_bout,min_bout,oof_best_f1,oof_best_params,oof_proba,optuna_best_params,pix_threshold,scale_pos_weight,selected_feature_cols,square_size,std_cv_f1,training_sessions,ui_max_gap,ui_min_after_bout,ui_min_bout,use_contact_features,use_egocentric,use_lag_features"
rearing,rearing,pruned,SNLT,1.58,0.8548707963665892,0.027791606268418898,0.878;0.889;0.836;0.859;0.813,0.9999631499428824,0.54,1.0,0.0,0.0,100.0,7.0,True,False,E:\RSVIDS\Blackbox\2603_SNLT_JG\Baseline\classifiers\PixelPaws_rearing_pruned_100.pkl,"Behavior_type,best_thresh,bp_optflow_list,bp_pixbrt_list,clf_model,contact_threshold,cv_f1_scores,final_n_estimators,include_optical_flow,max_gap,mean_cv_f1,min_after_bout,min_bout,oof_best_f1,oof_best_params,oof_proba,optuna_best_params,pix_threshold,scale_pos_weight,selected_feature_cols,square_size,std_cv_f1,training_sessions,ui_max_gap,ui_min_after_bout,ui_min_bout,use_contact_features,use_egocentric,use_lag_features"
Scratching,Scratching,default,SNLT,1.75,0.5243252606759338,0.1591072105454233,0.244;0.503;0.583;0.732;0.559,0.6547938896138789,0.6,12.0,1.0,6.0,40.0,5.0,False,False,E:\RSVIDS\Blackbox\2603_SNLT_JG\Baseline\classifiers\PixelPaws_Scratching.pkl,"Behavior_type,best_thresh,bp_optflow_list,bp_pixbrt_list,clf_model,cv_f1_scores,final_n_estimators,include_optical_flow,max_gap,mean_cv_f1,min_after_bout,min_bout,oof_best_f1,pix_threshold,scale_pos_weight,selected_feature_cols,square_size,std_cv_f1,training_sessions,ui_max_gap,ui_min_after_bout,ui_min_bout"
Scratching,Scratching,allfeatures,SNLT,1.79,0.5243252606759338,0.1591072105454233,0.244;0.503;0.583;0.732;0.559,0.6547938896138789,0.6,12.0,1.0,6.0,nan,5.0,False,False,E:\RSVIDS\Blackbox\2603_SNLT_JG\Baseline\classifiers\PixelPaws_Scratching_AllFeatures.pkl,"Behavior_type,best_thresh,bp_optflow_list,bp_pixbrt_list,clf_model,cv_f1_scores,final_n_estimators,include_optical_flow,max_gap,mean_cv_f1,min_after_bout,min_bout,oof_best_f1,pix_threshold,scale_pos_weight,selected_feature_cols,square_size,std_cv_f1,training_sessions,ui_max_gap,ui_min_after_bout,ui_min_bout"
still,still,allfeatures,SNLT,0.6,0.7672762919805778,0.08295049277729712,0.798;0.778;0.801;0.608;0.850,0.9397056316417571,0.58,2.0,0.0,10.0,nan,7.0,True,False,E:\RSVIDS\Blackbox\2603_SNLT_JG\Baseline\classifiers\PixelPaws_still_AllFeatures.pkl,"Behavior_type,best_thresh,bp_optflow_list,bp_pixbrt_list,clf_model,contact_threshold,cv_f1_scores,final_n_estimators,include_optical_flow,max_gap,mean_cv_f1,min_after_bout,min_bout,oof_best_f1,oof_best_params,oof_proba,optuna_best_params,pix_threshold,scale_pos_weight,selected_feature_cols,square_size,std_cv_f1,training_sessions,ui_max_gap,ui_min_after_bout,ui_min_bout,use_contact_features,use_egocentric,use_lag_features"
still,still,pruned,SNLT,0.53,0.7672762919805778,0.08295049277729712,0.798;0.778;0.801;0.608;0.850,0.9397056316417571,0.58,2.0,0.0,10.0,100.0,7.0,True,False,E:\RSVIDS\Blackbox\2603_SNLT_JG\Baseline\classifiers\PixelPaws_still_pruned_100.pkl,"Behavior_type,best_thresh,bp_optflow_list,bp_pixbrt_list,clf_model,contact_threshold,cv_f1_scores,final_n_estimators,include_optical_flow,max_gap,mean_cv_f1,min_after_bout,min_bout,oof_best_f1,oof_best_params,oof_proba,optuna_best_params,pix_threshold,scale_pos_weight,selected_feature_cols,square_size,std_cv_f1,training_sessions,ui_max_gap,ui_min_after_bout,ui_min_bout,use_contact_features,use_egocentric,use_lag_features"
walking,walking,allfeatures,SNLT,3.75,0.7828248759053207,0.04648557973554943,0.713;0.833;0.750;0.789;0.830,0.9937596540006178,0.56,2.0,0.0,4.0,nan,7.0,True,False,E:\RSVIDS\Blackbox\2603_SNLT_JG\Baseline\classifiers\PixelPaws_walking_AllFeatures.pkl,"Behavior_type,best_thresh,bp_optflow_list,bp_pixbrt_list,clf_model,contact_threshold,cv_f1_scores,final_n_estimators,include_optical_flow,max_gap,mean_cv_f1,min_after_bout,min_bout,oof_best_f1,oof_best_params,oof_proba,optuna_best_params,pix_threshold,scale_pos_weight,selected_feature_cols,square_size,std_cv_f1,training_sessions,ui_max_gap,ui_min_after_bout,ui_min_bout,use_contact_features,use_egocentric,use_lag_features"
walking,walking,pruned,SNLT,3.69,0.7828248759053207,0.04648557973554943,0.713;0.833;0.750;0.789;0.830,0.9937596540006178,0.56,2.0,0.0,4.0,100.0,7.0,True,False,E:\RSVIDS\Blackbox\2603_SNLT_JG\Baseline\classifiers\PixelPaws_walking_pruned_100.pkl,"Behavior_type,best_thresh,bp_optflow_list,bp_pixbrt_list,clf_model,contact_threshold,cv_f1_scores,final_n_estimators,include_optical_flow,max_gap,mean_cv_f1,min_after_bout,min_bout,oof_best_f1,oof_best_params,oof_proba,optuna_best_params,pix_threshold,scale_pos_weight,selected_feature_cols,square_size,std_cv_f1,training_sessions,ui_max_gap,ui_min_after_bout,ui_min_bout,use_contact_features,use_egocentric,use_lag_features"
Facial_grooming,Facial_grooming,allfeatures,THC_Rim,2.63,0.8997053331023919,0.03791370137248125,0.829;0.916;0.939;0.897;0.918,0.9944801610494188,0.85,15.0,0.0,0.0,nan,7.0,True,False,E:\RSVIDS\Blackbox\260512_THC_Rim_Cohort\classifiers\PixelPaws_Facial_grooming_AllFeatures.pkl,"Behavior_type,best_thresh,bp_optflow_list,bp_pixbrt_list,clf_model,contact_threshold,cv_f1_scores,final_n_estimators,include_optical_flow,max_gap,mean_cv_f1,min_after_bout,min_bout,oof_best_f1,oof_best_params,oof_proba,optuna_best_params,pix_threshold,scale_pos_weight,selected_feature_cols,square_size,std_cv_f1,training_sessions,ui_max_gap,ui_min_after_bout,ui_min_bout,use_contact_features,use_egocentric,use_lag_features"
Left_licking,Left_licking,default,THC_Rim,7.3,0.906255317369946,0.026170715825143475,0.903;0.940;0.876,nan,0.5299999999999998,3.0,1.0,5.0,375.0,3.0,False,False,E:\RSVIDS\Blackbox\260512_THC_Rim_Cohort\classifiers\PixelPaws_Left_licking.pkl,"Behavior_type,best_thresh,bp_pixbrt_list,clf_model,cv_f1_scores,max_gap,mean_cv_f1,min_after_bout,min_bout,pix_threshold,square_size,std_cv_f1,training_sessions"
rearing,rearing,allfeatures,THC_Rim,1.85,0.8548707963665892,0.027791606268418898,0.878;0.889;0.836;0.859;0.813,0.9999631499428824,0.54,1.0,0.0,0.0,nan,7.0,True,False,E:\RSVIDS\Blackbox\260512_THC_Rim_Cohort\classifiers\PixelPaws_rearing_AllFeatures.pkl,"Behavior_type,best_thresh,bp_optflow_list,bp_pixbrt_list,clf_model,contact_threshold,cv_f1_scores,final_n_estimators,include_optical_flow,max_gap,mean_cv_f1,min_after_bout,min_bout,oof_best_f1,oof_best_params,oof_proba,optuna_best_params,pix_threshold,scale_pos_weight,selected_feature_cols,square_size,std_cv_f1,training_sessions,ui_max_gap,ui_min_after_bout,ui_min_bout,use_contact_features,use_egocentric,use_lag_features"
Scratching,Scratching,default,THC_Rim,1.75,0.5243252606759338,0.1591072105454233,0.244;0.503;0.583;0.732;0.559,0.6547938896138789,0.6,12.0,1.0,6.0,40.0,5.0,False,False,E:\RSVIDS\Blackbox\260512_THC_Rim_Cohort\classifiers\PixelPaws_Scratching.pkl,"Behavior_type,best_thresh,bp_optflow_list,bp_pixbrt_list,clf_model,cv_f1_scores,final_n_estimators,include_optical_flow,max_gap,mean_cv_f1,min_after_bout,min_bout,oof_best_f1,pix_threshold,scale_pos_weight,selected_feature_cols,square_size,std_cv_f1,training_sessions,ui_max_gap,ui_min_after_bout,ui_min_bout"
Scratching,Scratching,allfeatures,THC_Rim,1.79,0.5243252606759338,0.1591072105454233,0.244;0.503;0.583;0.732;0.559,0.6547938896138789,0.6,12.0,1.0,6.0,nan,5.0,False,False,E:\RSVIDS\Blackbox\260512_THC_Rim_Cohort\classifiers\PixelPaws_Scratching_AllFeatures.pkl,"Behavior_type,best_thresh,bp_optflow_list,bp_pixbrt_list,clf_model,cv_f1_scores,final_n_estimators,include_optical_flow,max_gap,mean_cv_f1,min_after_bout,min_bout,oof_best_f1,pix_threshold,scale_pos_weight,selected_feature_cols,square_size,std_cv_f1,training_sessions,ui_max_gap,ui_min_after_bout,ui_min_bout"
still,still,allfeatures,THC_Rim,0.6,0.7672762919805778,0.08295049277729712,0.798;0.778;0.801;0.608;0.850,0.9397056316417571,0.58,2.0,0.0,10.0,nan,7.0,True,False,E:\RSVIDS\Blackbox\260512_THC_Rim_Cohort\classifiers\PixelPaws_still_AllFeatures.pkl,"Behavior_type,best_thresh,bp_optflow_list,bp_pixbrt_list,clf_model,contact_threshold,cv_f1_scores,final_n_estimators,include_optical_flow,max_gap,mean_cv_f1,min_after_bout,min_bout,oof_best_f1,oof_best_params,oof_proba,optuna_best_params,pix_threshold,scale_pos_weight,selected_feature_cols,square_size,std_cv_f1,training_sessions,ui_max_gap,ui_min_after_bout,ui_min_bout,use_contact_features,use_egocentric,use_lag_features"
walking,walking,allfeatures,THC_Rim,3.75,0.7828248759053207,0.04648557973554943,0.713;0.833;0.750;0.789;0.830,0.9937596540006178,0.56,2.0,0.0,4.0,nan,7.0,True,False,E:\RSVIDS\Blackbox\260512_THC_Rim_Cohort\classifiers\PixelPaws_walking_AllFeatures.pkl,"Behavior_type,best_thresh,bp_optflow_list,bp_pixbrt_list,clf_model,contact_threshold,cv_f1_scores,final_n_estimators,include_optical_flow,max_gap,mean_cv_f1,min_after_bout,min_bout,oof_best_f1,oof_best_params,oof_proba,optuna_best_params,pix_threshold,scale_pos_weight,selected_feature_cols,square_size,std_cv_f1,training_sessions,ui_max_gap,ui_min_after_bout,ui_min_bout,use_contact_features,use_egocentric,use_lag_features"
Facial_grooming,Facial_grooming,allfeatures,Rim_DoseResp,2.63,0.8997053331023919,0.03791370137248125,0.829;0.916;0.939;0.897;0.918,0.9944801610494188,0.85,15.0,0.0,0.0,nan,7.0,True,False,E:\RSVIDS\Blackbox\260515_Rim_DoseResp\classifiers\PixelPaws_Facial_grooming_AllFeatures.pkl,"Behavior_type,best_thresh,bp_optflow_list,bp_pixbrt_list,clf_model,contact_threshold,cv_f1_scores,final_n_estimators,include_optical_flow,max_gap,mean_cv_f1,min_after_bout,min_bout,oof_best_f1,oof_best_params,oof_proba,optuna_best_params,pix_threshold,scale_pos_weight,selected_feature_cols,square_size,std_cv_f1,training_sessions,ui_max_gap,ui_min_after_bout,ui_min_bout,use_contact_features,use_egocentric,use_lag_features"
Left_licking,Left_licking,default,Rim_DoseResp,7.3,0.906255317369946,0.026170715825143475,0.903;0.940;0.876,nan,0.5299999999999998,3.0,1.0,5.0,375.0,3.0,False,False,E:\RSVIDS\Blackbox\260515_Rim_DoseResp\classifiers\PixelPaws_Left_licking.pkl,"Behavior_type,best_thresh,bp_pixbrt_list,clf_model,cv_f1_scores,max_gap,mean_cv_f1,min_after_bout,min_bout,pix_threshold,square_size,std_cv_f1,training_sessions"
rearing,rearing,allfeatures,Rim_DoseResp,1.85,0.8548707963665892,0.027791606268418898,0.878;0.889;0.836;0.859;0.813,0.9999631499428824,0.54,1.0,0.0,0.0,nan,7.0,True,False,E:\RSVIDS\Blackbox\260515_Rim_DoseResp\classifiers\PixelPaws_rearing_AllFeatures.pkl,"Behavior_type,best_thresh,bp_optflow_list,bp_pixbrt_list,clf_model,contact_threshold,cv_f1_scores,final_n_estimators,include_optical_flow,max_gap,mean_cv_f1,min_after_bout,min_bout,oof_best_f1,oof_best_params,oof_proba,optuna_best_params,pix_threshold,scale_pos_weight,selected_feature_cols,square_size,std_cv_f1,training_sessions,ui_max_gap,ui_min_after_bout,ui_min_bout,use_contact_features,use_egocentric,use_lag_features"
Scratching,Scratching,default,Rim_DoseResp,1.75,0.5243252606759338,0.1591072105454233,0.244;0.503;0.583;0.732;0.559,0.6547938896138789,0.6,12.0,1.0,6.0,40.0,5.0,False,False,E:\RSVIDS\Blackbox\260515_Rim_DoseResp\classifiers\PixelPaws_Scratching.pkl,"Behavior_type,best_thresh,bp_optflow_list,bp_pixbrt_list,clf_model,cv_f1_scores,final_n_estimators,include_optical_flow,max_gap,mean_cv_f1,min_after_bout,min_bout,oof_best_f1,pix_threshold,scale_pos_weight,selected_feature_cols,square_size,std_cv_f1,training_sessions,ui_max_gap,ui_min_after_bout,ui_min_bout"
Scratching,Scratching,allfeatures,Rim_DoseResp,1.79,0.5243252606759338,0.1591072105454233,0.244;0.503;0.583;0.732;0.559,0.6547938896138789,0.6,12.0,1.0,6.0,nan,5.0,False,False,E:\RSVIDS\Blackbox\260515_Rim_DoseResp\classifiers\PixelPaws_Scratching_AllFeatures.pkl,"Behavior_type,best_thresh,bp_optflow_list,bp_pixbrt_list,clf_model,cv_f1_scores,final_n_estimators,include_optical_flow,max_gap,mean_cv_f1,min_after_bout,min_bout,oof_best_f1,pix_threshold,scale_pos_weight,selected_feature_cols,square_size,std_cv_f1,training_sessions,ui_max_gap,ui_min_after_bout,ui_min_bout"
still,still,allfeatures,Rim_DoseResp,0.6,0.7672762919805778,0.08295049277729712,0.798;0.778;0.801;0.608;0.850,0.9397056316417571,0.58,2.0,0.0,10.0,nan,7.0,True,False,E:\RSVIDS\Blackbox\260515_Rim_DoseResp\classifiers\PixelPaws_still_AllFeatures.pkl,"Behavior_type,best_thresh,bp_optflow_list,bp_pixbrt_list,clf_model,contact_threshold,cv_f1_scores,final_n_estimators,include_optical_flow,max_gap,mean_cv_f1,min_after_bout,min_bout,oof_best_f1,oof_best_params,oof_proba,optuna_best_params,pix_threshold,scale_pos_weight,selected_feature_cols,square_size,std_cv_f1,training_sessions,ui_max_gap,ui_min_after_bout,ui_min_bout,use_contact_features,use_egocentric,use_lag_features"
walking,walking,allfeatures,Rim_DoseResp,3.75,0.7828248759053207,0.04648557973554943,0.713;0.833;0.750;0.789;0.830,0.9937596540006178,0.56,2.0,0.0,4.0,nan,7.0,True,False,E:\RSVIDS\Blackbox\260515_Rim_DoseResp\classifiers\PixelPaws_walking_AllFeatures.pkl,"Behavior_type,best_thresh,bp_optflow_list,bp_pixbrt_list,clf_model,contact_threshold,cv_f1_scores,final_n_estimators,include_optical_flow,max_gap,mean_cv_f1,min_after_bout,min_bout,oof_best_f1,oof_best_params,oof_proba,optuna_best_params,pix_threshold,scale_pos_weight,selected_feature_cols,square_size,std_cv_f1,training_sessions,ui_max_gap,ui_min_after_bout,ui_min_bout,use_contact_features,use_egocentric,use_lag_features"
Scratching,Scratching,default,Rim_2510,5.89,0.6406328738754843,0.07550313942800677,0.718;0.523;0.721;0.595;0.647,0.722315945745327,0.5,20.0,0.0,0.0,nan,5.0,False,False,E:\RSVIDS\Blackbox\2510_Blackbox_Rimonabant\Blackbox_videos-selected\Classifiers\PixelPaws_Scratching.pkl,"Behavior_type,best_thresh,bp_optflow_list,bp_pixbrt_list,clf_model,contact_threshold,cv_f1_scores,final_n_estimators,include_optical_flow,max_gap,mean_cv_f1,min_after_bout,min_bout,oof_best_f1,oof_best_params,oof_proba,optuna_best_params,pix_threshold,scale_pos_weight,selected_feature_cols,square_size,std_cv_f1,thresh_audit_note,training_sessions,ui_max_gap,ui_min_after_bout,ui_min_bout,use_contact_features,use_egocentric,use_lag_features"
Scratching,Scratching,allfeatures,Rim_2510,3.63,0.9521558881387115,0.003379022993982275,0.953;0.952;0.948;0.958;0.951,0.9661946094106898,0.8600000000000001,1.0,0.0,0.0,600.0,5.0,False,False,E:\RSVIDS\Blackbox\2510_Blackbox_Rimonabant\Blackbox_videos-selected\Classifiers\PixelPaws_Scratching_AllFeatures_20260429_153755.pkl,"Behavior_type,best_thresh,bp_optflow_list,bp_pixbrt_list,clf_model,contact_threshold,cv_f1_scores,final_n_estimators,include_optical_flow,max_gap,mean_cv_f1,min_after_bout,min_bout,oof_best_f1,oof_best_params,oof_proba,optuna_best_params,pix_threshold,scale_pos_weight,selected_feature_cols,square_size,std_cv_f1,training_sessions,ui_max_gap,ui_min_after_bout,ui_min_bout,use_contact_features,use_egocentric,use_lag_features,use_multiscale_features"
Scratching,Scratching,pruned,Rim_2510,3.57,0.9521558881387115,0.003379022993982275,0.953;0.952;0.948;0.958;0.951,0.9661946094106898,0.8600000000000001,1.0,0.0,0.0,120.0,5.0,False,False,E:\RSVIDS\Blackbox\2510_Blackbox_Rimonabant\Blackbox_videos-selected\Classifiers\PixelPaws_Scratching_pruned_120_20260429_153755.pkl,"Behavior_type,best_thresh,bp_optflow_list,bp_pixbrt_list,clf_model,contact_threshold,cv_f1_scores,final_n_estimators,include_optical_flow,max_gap,mean_cv_f1,min_after_bout,min_bout,oof_best_f1,oof_best_params,oof_proba,optuna_best_params,pix_threshold,scale_pos_weight,selected_feature_cols,square_size,std_cv_f1,training_sessions,ui_max_gap,ui_min_after_bout,ui_min_bout,use_contact_features,use_egocentric,use_lag_features,use_multiscale_features"
Scratching,Scratching,default,Rim_2510,3.49,0.4319699990275286,0.22667429686384183,0.281;0.624;0.061;0.649;0.544,0.5170897461523086,0.8,1.0,1.0,15.0,375.0,5.0,False,False,E:\RSVIDS\Blackbox\2510_Blackbox_Rimonabant\Blackbox_videos-selected\PixelPaws_Classifiers\HomeRig\PixelPaws_Scratching.pkl,"Behavior_type,best_thresh,bp_pixbrt_list,clf_model,cv_f1_scores,final_n_estimators,max_gap,mean_cv_f1,min_after_bout,min_bout,oof_best_f1,pix_threshold,scale_pos_weight,square_size,std_cv_f1,training_sessions,ui_max_gap,ui_min_after_bout,ui_min_bout"
Scratching,Scratching,allfeatures_honest,Rim_2510,11.33,0.7308294395821922,0.10341040246612974,0.765;0.774;0.811;0.777;0.526,0.7802865501462756,0.2,8.0,0.0,2.0,nan,5.0,False,False,E:\RSVIDS\Blackbox\2510_Blackbox_Rimonabant\Blackbox_videos-selected\Classifiers\PixelPaws_Scratching_honest_20260521_160523\PixelPaws_Scratching_AllFeatures_honest_20260521_160523.pkl,"Behavior_type,best_thresh,bp_optflow_list,bp_pixbrt_list,clf_model,contact_threshold,cv_f1_scores,fold_models,hmm_log_prior,hmm_log_trans,honest_training_note,include_optical_flow,max_gap,mean_cv_f1,min_after_bout,min_bout,oof_best_f1,oof_best_params,oof_proba,optuna_best_params,pix_threshold,prob_calibrator,scale_pos_weight,selected_feature_cols,square_size,std_cv_f1,training_sessions,ui_max_gap,ui_min_after_bout,ui_min_bout,use_contact_features,use_egocentric,use_lag_features,use_multiscale_features"
Scratching,Scratching,pruned_honest,Rim_2510,11.4,0.7520363622949136,0.08787648198641067,0.784;0.793;0.829;0.773;0.580,0.80219700802197,0.125,15.0,0.0,6.0,120.0,5.0,False,False,E:\RSVIDS\Blackbox\2510_Blackbox_Rimonabant\Blackbox_videos-selected\Classifiers\PixelPaws_Scratching_honest_20260521_160523\PixelPaws_Scratching_pruned_120_honest_20260521_160523.pkl,"Behavior_type,best_thresh,bp_optflow_list,bp_pixbrt_list,clf_model,contact_threshold,cv_f1_scores,fold_models,hmm_log_prior,hmm_log_trans,honest_training_note,include_optical_flow,max_gap,mean_cv_f1,min_after_bout,min_bout,oof_best_f1,oof_best_params,oof_proba,optuna_best_params,pix_threshold,prob_calibrator,scale_pos_weight,selected_feature_cols,square_size,std_cv_f1,training_sessions,ui_max_gap,ui_min_after_bout,ui_min_bout,use_contact_features,use_egocentric,use_lag_features,use_multiscale_features"
Scratching,Scratching,default,ChR2_stim,1.75,0.5243252606759338,0.1591072105454233,0.244;0.503;0.583;0.732;0.559,0.6547938896138789,0.6,12.0,1.0,6.0,40.0,5.0,False,False,E:\RSVIDS\Blackbox\AM_ChR2_stim_SPB_analysis\classifiers\PixelPaws_Scratching.pkl,"Behavior_type,best_thresh,bp_optflow_list,bp_pixbrt_list,clf_model,cv_f1_scores,final_n_estimators,include_optical_flow,max_gap,mean_cv_f1,min_after_bout,min_bout,oof_best_f1,pix_threshold,scale_pos_weight,selected_feature_cols,square_size,std_cv_f1,training_sessions,ui_max_gap,ui_min_after_bout,ui_min_bout"
Scratching,Scratching,allfeatures,ChR2_stim,1.79,0.5243252606759338,0.1591072105454233,0.244;0.503;0.583;0.732;0.559,0.6547938896138789,0.6,12.0,1.0,6.0,nan,5.0,False,False,E:\RSVIDS\Blackbox\AM_ChR2_stim_SPB_analysis\classifiers\PixelPaws_Scratching_AllFeatures.pkl,"Behavior_type,best_thresh,bp_optflow_list,bp_pixbrt_list,clf_model,cv_f1_scores,final_n_estimators,include_optical_flow,max_gap,mean_cv_f1,min_after_bout,min_bout,oof_best_f1,pix_threshold,scale_pos_weight,selected_feature_cols,square_size,std_cv_f1,training_sessions,ui_max_gap,ui_min_after_bout,ui_min_bout"
